REGION_CODE,REGION_NAME,YEAR,ZONE,ANNUAL_AVG_TEMP_C,MAX_TEMP_C,MIN_TEMP_C,ANNUAL_PRECIP_MM,ANNUAL_RAIN_DAYS,ANNUAL_HEAVY_RAIN_DAYS,ANNUAL_DROUGHT_INDEX,ELEVATION_M,DISTANCE_TO_COAST_KM
AR,Arusha,2000,Northern,21.709999999999997,26.6,16.99,6918.2,107,21,0.10583333333333333,920.2,469.3
AR,Arusha,2001,Northern,22.45,27.81,17.78,6333.0,104,15,0.4283333333333333,920.2,469.3
AR,Arusha,2002,Northern,22.810000000000002,27.3,17.74,10795.2,144,41,0.0,920.2,469.3
AR,Arusha,2003,Northern,21.38,25.77,16.39,5592.0,62,10,0.8991666666666668,920.2,469.3
AR,Arusha,2004,Northern,21.67,26.89,16.57,10407.2,150,39,0.0,920.2,469.3
AR,Arusha,2005,Northern,22.069999999999997,28.22,17.6,4861.8,58,5,1.4124999999999999,920.2,469.3
AR,Arusha,2006,Northern,21.77,26.39,16.69,10690.4,153,33,0.0,920.2,469.3
AR,Arusha,2007,Northern,23.470000000000002,28.67,17.91,9208.8,123,35,0.0,920.2,469.3
AR,Arusha,2008,Northern,21.89,26.05,15.58,8874.4,125,25,0.0,920.2,469.3
AR,Arusha,2009,Northern,22.599999999999998,28.38,16.64,4397.4,50,6,1.7391666666666667,920.2,469.3
AR,Arusha,2010,Northern,21.349999999999998,26.39,15.71,8389.4,127,21,0.0,920.2,469.3
AR,Arusha,2011,Northern,21.12,27.16,15.31,4564.6,66,9,1.6208333333333333,920.2,469.3
AR,Arusha,2012,Northern,22.900000000000002,29.13,18.45,8078.5,112,16,0.0,920.2,469.3
AR,Arusha,2013,Northern,22.52,27.02,17.83,6968.1,113,14,0.0825,920.2,469.3
AR,Arusha,2014,Northern,23.179999999999996,28.23,17.9,10554.3,134,33,0.0,920.2,469.3
AR,Arusha,2015,Northern,23.24,27.37,18.27,5859.6,78,7,0.71,920.2,469.3
AR,Arusha,2016,Northern,21.91,25.93,16.72,5175.8,70,5,1.1908333333333332,920.2,469.3
AR,Arusha,2017,Northern,21.540000000000003,26.1,17.12,9327.9,120,25,0.0,920.2,469.3
AR,Arusha,2018,Northern,21.75,26.76,15.4,4001.3,55,5,2.018333333333333,920.2,469.3
AR,Arusha,2019,Northern,23.55,28.52,18.17,5509.2,78,10,0.9558333333333332,920.2,469.3
AR,Arusha,2020,Northern,22.88,27.58,17.62,7885.7,117,23,0.0,920.2,469.3
AR,Arusha,2021,Northern,22.790000000000003,28.31,15.85,5375.0,74,9,1.0508333333333333,920.2,469.3
AR,Arusha,2022,Northern,22.209999999999997,27.17,16.45,6571.900000000001,103,15,0.28833333333333333,920.2,469.3
AR,Arusha,2023,Northern,23.16,27.94,17.44,9053.7,135,29,0.0,920.2,469.3
DO,Dodoma,2000,Central,20.57,25.97,14.93,5602.8,82,10,0.1875,1790.4,416.6
DO,Dodoma,2001,Central,22.84,28.45,18.32,8595.4,120,22,0.0,1790.4,416.6
DO,Dodoma,2002,Central,22.91,29.21,17.82,10537.5,147,34,0.0,1790.4,416.6
DO,Dodoma,2003,Central,21.900000000000002,29.02,16.31,4865.9,70,4,0.5750000000000001,1790.4,416.6
DO,Dodoma,2004,Central,21.95,27.22,17.42,8011.8,112,14,0.0,1790.4,416.6
DO,Dodoma,2005,Central,22.290000000000003,26.88,17.1,5826.4,94,10,0.10083333333333333,1790.4,416.6
DO,Dodoma,2006,Central,21.78,26.76,17.33,9747.7,134,24,0.0,1790.4,416.6
DO,Dodoma,2007,Central,22.69,27.14,16.17,7436.7,93,17,0.0,1790.4,416.6
DO,Dodoma,2008,Central,21.349999999999998,26.2,15.93,5601.3,69,8,0.18833333333333332,1790.4,416.6
DO,Dodoma,2009,Central,20.86,25.33,16.27,3208.9,40,2,1.5833333333333333,1790.4,416.6
DO,Dodoma,2010,Central,22.220000000000002,27.13,17.29,5901.9,81,8,0.07916666666666666,1790.4,416.6
DO,Dodoma,2011,Central,20.830000000000002,25.81,15.49,7448.6,108,20,0.0,1790.4,416.6
DO,Dodoma,2012,Central,22.11,26.79,16.5,6369.7,88,8,0.0025,1790.4,416.6
DO,Dodoma,2013,Central,21.970000000000002,26.99,17.18,5494.7,69,17,0.24416666666666667,1790.4,416.6
DO,Dodoma,2014,Central,21.59,26.02,16.85,7985.4,112,17,0.0,1790.4,416.6
DO,Dodoma,2015,Central,22.92,27.51,17.16,3973.9,69,4,1.0883333333333334,1790.4,416.6
DO,Dodoma,2016,Central,22.92,27.46,17.24,7074.4,91,21,0.0,1790.4,416.6
DO,Dodoma,2017,Central,21.49,26.5,15.86,5030.7,67,9,0.4891666666666667,1790.4,416.6
DO,Dodoma,2018,Central,22.330000000000002,27.31,17.4,5463.3,78,8,0.26,1790.4,416.6
DO,Dodoma,2019,Central,23.099999999999998,27.36,18.19,4286.3,62,2,0.8991666666666666,1790.4,416.6
DO,Dodoma,2020,Central,22.36,26.84,17.6,6679.3,91,14,0.0,1790.4,416.6
DO,Dodoma,2021,Central,23.2,28.71,18.61,2490.9,26,1,2.0708333333333333,1790.4,416.6
DO,Dodoma,2022,Central,23.24,29.52,17.65,4347.4,55,7,0.8624999999999999,1790.4,416.6
DO,Dodoma,2023,Central,22.86,27.59,17.27,4843.8,71,2,0.5866666666666667,1790.4,416.6
DS,Dar es Salaam,2000,Eastern,26.400000000000002,30.84,21.43,11140.4,144,39,0.0,1298.9,257.1
DS,Dar es Salaam,2001,Eastern,27.099999999999998,32.1,21.98,9180.0,121,27,0.0,1298.9,257.1
DS,Dar es Salaam,2002,Eastern,27.7,32.35,22.54,9921.1,145,31,0.0,1298.9,257.1
DS,Dar es Salaam,2003,Eastern,26.74,32.45,21.55,6703.7,85,16,1.1358333333333333,1298.9,257.1
DS,Dar es Salaam,2004,Eastern,27.17,32.96,21.61,6961.3,97,15,0.9899999999999999,1298.9,257.1
DS,Dar es Salaam,2005,Eastern,27.77,32.91,22.93,9265.3,133,30,0.0,1298.9,257.1
DS,Dar es Salaam,2006,Eastern,26.98,32.63,21.62,8672.4,130,35,0.006666666666666667,1298.9,257.1
DS,Dar es Salaam,2007,Eastern,28.16,33.19,22.45,7554.4,96,12,0.6475000000000001,1298.9,257.1
DS,Dar es Salaam,2008,Eastern,26.76,32.65,21.3,8360.4,121,27,0.18083333333333332,1298.9,257.1
DS,Dar es Salaam,2009,Eastern,27.52,31.62,21.98,8237.1,106,21,0.25166666666666665,1298.9,257.1
DS,Dar es Salaam,2010,Eastern,27.95,32.93,23.11,5695.0,76,7,1.7175,1298.9,257.1
DS,Dar es Salaam,2011,Eastern,27.560000000000002,32.11,22.06,9485.4,125,30,0.0,1298.9,257.1
DS,Dar es Salaam,2012,Eastern,27.040000000000003,32.79,22.48,5070.599999999999,75,8,2.0733333333333333,1298.9,257.1
DS,Dar es Salaam,2013,Eastern,27.13,31.97,22.05,7530.7,95,17,0.66,1298.9,257.1
DS,Dar es Salaam,2014,Eastern,27.849999999999998,32.74,22.92,8676.4,121,26,0.005833333333333334,1298.9,257.1
DS,Dar es Salaam,2015,Eastern,28.13,32.99,23.16,6461.7,91,13,1.2733333333333334,1298.9,257.1
DS,Dar es Salaam,2016,Eastern,28.44,33.26,24.49,5553.9,77,7,1.7983333333333336,1298.9,257.1
DS,Dar es Salaam,2017,Eastern,25.709999999999997,31.98,20.41,7933.6,115,16,0.43,1298.9,257.1
DS,Dar es Salaam,2018,Eastern,27.13,31.94,21.12,7768.8,116,26,0.5208333333333334,1298.9,257.1
DS,Dar es Salaam,2019,Eastern,29.069999999999997,34.4,24.14,8945.0,125,24,0.0,1298.9,257.1
DS,Dar es Salaam,2020,Eastern,27.25,31.95,22.03,9181.7,126,24,0.0,1298.9,257.1
DS,Dar es Salaam,2021,Eastern,27.959999999999997,32.41,22.37,5083.8,75,7,2.07,1298.9,257.1
DS,Dar es Salaam,2022,Eastern,28.25,33.26,22.09,9846.3,138,27,0.0,1298.9,257.1
DS,Dar es Salaam,2023,Eastern,28.470000000000002,33.65,21.94,7416.8,115,20,0.7233333333333333,1298.9,257.1
GE,Geita,2000,Lake,22.51,26.9,17.22,10469.8,146,28,0.0,1440.9,460.9
GE,Geita,2001,Lake,22.679999999999996,28.67,17.78,10433.6,141,36,0.0,1440.9,460.9
GE,Geita,2002,Lake,24.01,28.99,19.24,16495.3,191,63,0.0,1440.9,460.9
GE,Geita,2003,Lake,21.92,28.13,16.12,10951.7,153,39,0.0,1440.9,460.9
GE,Geita,2004,Lake,23.09,28.44,17.7,10121.2,124,22,0.0033333333333333335,1440.9,460.9
GE,Geita,2005,Lake,21.819999999999997,26.47,16.19,12125.5,170,42,0.0,1440.9,460.9
GE,Geita,2006,Lake,23.040000000000003,28.05,17.44,13241.699999999999,175,59,0.0,1440.9,460.9
GE,Geita,2007,Lake,23.25,28.0,17.96,12320.4,154,38,0.0,1440.9,460.9
GE,Geita,2008,Lake,21.560000000000002,27.35,16.81,9354.0,115,23,0.1475,1440.9,460.9
GE,Geita,2009,Lake,22.92,27.14,18.76,5106.0,72,6,1.7991666666666666,1440.9,460.9
GE,Geita,2010,Lake,22.830000000000002,27.8,17.55,13641.0,182,43,0.0,1440.9,460.9
GE,Geita,2011,Lake,22.74,27.13,17.06,9965.5,124,29,0.014166666666666666,1440.9,460.9
GE,Geita,2012,Lake,22.77,27.59,18.0,11516.5,151,38,0.0,1440.9,460.9
GE,Geita,2013,Lake,22.569999999999997,27.38,17.64,8571.3,120,19,0.39166666666666666,1440.9,460.9
GE,Geita,2014,Lake,22.38,28.05,16.74,12699.7,170,48,0.0,1440.9,460.9
GE,Geita,2015,Lake,24.2,28.84,19.12,5118.2,66,10,1.7933333333333332,1440.9,460.9
GE,Geita,2016,Lake,22.44,27.72,16.69,7144.5,103,13,0.9283333333333333,1440.9,460.9
GE,Geita,2017,Lake,21.94,27.15,16.85,10420.9,133,32,0.0,1440.9,460.9
GE,Geita,2018,Lake,22.5,26.68,17.79,8649.8,114,27,0.36333333333333334,1440.9,460.9
GE,Geita,2019,Lake,23.679999999999996,29.26,18.32,11995.5,157,45,0.0,1440.9,460.9
GE,Geita,2020,Lake,23.95,28.82,18.18,9294.8,139,21,0.165,1440.9,460.9
GE,Geita,2021,Lake,23.069999999999997,27.92,18.27,3169.0,46,2,2.6508333333333334,1440.9,460.9
GE,Geita,2022,Lake,23.75,30.49,18.09,10195.7,148,37,0.0,1440.9,460.9
GE,Geita,2023,Lake,23.55,28.41,18.29,9054.7,139,32,0.2366666666666667,1440.9,460.9
IR,Iringa,2000,Southern Highlands,22.88,27.69,16.86,16904.5,202,72,0.0,476.1,82.6
IR,Iringa,2001,Southern Highlands,24.080000000000002,29.81,19.22,17481.2,187,57,0.0,476.1,82.6
IR,Iringa,2002,Southern Highlands,24.220000000000002,28.78,18.09,19739.8,208,74,0.0,476.1,82.6
IR,Iringa,2003,Southern Highlands,22.89,28.75,17.0,11149.0,142,29,0.3491666666666667,476.1,82.6
IR,Iringa,2004,Southern Highlands,23.76,28.74,19.01,16271.0,193,54,0.0,476.1,82.6
IR,Iringa,2005,Southern Highlands,23.8,28.84,17.83,13757.2,183,45,0.0,476.1,82.6
IR,Iringa,2006,Southern Highlands,23.61,28.18,17.93,22541.5,203,59,0.0,476.1,82.6
IR,Iringa,2007,Southern Highlands,24.67,29.9,19.87,15264.9,193,49,0.0,476.1,82.6
IR,Iringa,2008,Southern Highlands,22.53,27.46,17.99,14816.4,185,61,0.0,476.1,82.6
IR,Iringa,2009,Southern Highlands,24.95,31.31,20.16,9249.1,119,29,0.8491666666666666,476.1,82.6
IR,Iringa,2010,Southern Highlands,23.41,28.65,16.17,14446.2,200,52,0.0,476.1,82.6
IR,Iringa,2011,Southern Highlands,22.790000000000003,27.63,17.3,11225.2,158,40,0.33083333333333337,476.1,82.6
IR,Iringa,2012,Southern Highlands,23.77,28.63,17.6,10591.7,148,29,0.4875,476.1,82.6
IR,Iringa,2013,Southern Highlands,23.810000000000002,28.77,17.97,9671.3,129,21,0.7316666666666666,476.1,82.6
IR,Iringa,2014,Southern Highlands,23.98,28.53,19.19,16184.9,193,67,0.0,476.1,82.6
IR,Iringa,2015,Southern Highlands,25.01,29.3,19.93,11968.6,165,43,0.14916666666666667,476.1,82.6
IR,Iringa,2016,Southern Highlands,24.179999999999996,29.3,19.49,4191.1,62,4,2.4891666666666667,476.1,82.6
IR,Iringa,2017,Southern Highlands,23.569999999999997,29.46,18.64,10172.2,119,27,0.59,476.1,82.6
IR,Iringa,2018,Southern Highlands,24.49,29.79,20.37,10943.599999999999,146,35,0.39999999999999997,476.1,82.6
IR,Iringa,2019,Southern Highlands,24.8,29.32,19.26,11444.2,157,40,0.2775,476.1,82.6
IR,Iringa,2020,Southern Highlands,24.02,29.02,19.3,14423.1,179,41,0.0,476.1,82.6
IR,Iringa,2021,Southern Highlands,24.76,29.59,19.75,8919.4,112,22,0.9416666666666668,476.1,82.6
IR,Iringa,2022,Southern Highlands,23.929999999999996,29.08,18.13,10984.2,151,29,0.38999999999999996,476.1,82.6
IR,Iringa,2023,Southern Highlands,24.67,30.7,19.58,12651.1,174,55,0.04,476.1,82.6
KA,Kagera,2000,Lake,24.13,28.9,18.41,7403.0,110,21,1.015,845.4,431.6
KA,Kagera,2001,Lake,25.41,31.37,18.41,10616.7,147,29,0.0,845.4,431.6
KA,Kagera,2002,Lake,26.080000000000002,30.6,20.84,13626.1,162,57,0.0,845.4,431.6
KA,Kagera,2003,Lake,25.51,30.36,20.38,10499.2,136,31,0.0,845.4,431.6
KA,Kagera,2004,Lake,25.52,30.25,21.49,7344.599999999999,92,13,1.0458333333333332,845.4,431.6
KA,Kagera,2005,Lake,24.89,29.57,18.72,7967.0,116,24,0.7174999999999999,845.4,431.6
KA,Kagera,2006,Lake,25.060000000000002,30.51,18.04,15684.5,172,49,0.0,845.4,431.6
KA,Kagera,2007,Lake,26.060000000000002,31.11,21.28,8398.6,129,20,0.4883333333333333,845.4,431.6
KA,Kagera,2008,Lake,25.87,31.53,21.42,9465.9,135,24,0.015833333333333335,845.4,431.6
KA,Kagera,2009,Lake,24.05,29.97,18.94,3405.3,49,5,3.124166666666667,845.4,431.6
KA,Kagera,2010,Lake,24.819999999999997,30.49,19.39,10353.5,132,36,0.0,845.4,431.6
KA,Kagera,2011,Lake,24.970000000000002,29.34,20.05,9284.3,129,28,0.07916666666666666,845.4,431.6
KA,Kagera,2012,Lake,24.929999999999996,30.33,20.26,10117.9,132,33,0.0,845.4,431.6
KA,Kagera,2013,Lake,26.429999999999996,31.91,20.99,8683.9,125,26,0.33749999999999997,845.4,431.6
KA,Kagera,2014,Lake,25.92,30.88,21.13,10814.5,150,42,0.0,845.4,431.6
KA,Kagera,2015,Lake,26.19,30.4,20.72,10410.4,142,32,0.0,845.4,431.6
KA,Kagera,2016,Lake,24.99,30.81,20.41,8787.3,123,20,0.2916666666666667,845.4,431.6
KA,Kagera,2017,Lake,24.37,28.61,19.82,8180.4,115,26,0.605,845.4,431.6
KA,Kagera,2018,Lake,25.05,29.5,19.9,8418.300000000001,109,19,0.4775,845.4,431.6
KA,Kagera,2019,Lake,25.92,30.9,20.42,6100.3,92,13,1.7041666666666666,845.4,431.6
KA,Kagera,2020,Lake,25.319999999999997,30.2,19.96,10227.0,149,36,0.0,845.4,431.6
KA,Kagera,2021,Lake,25.3,31.41,20.3,7070.599999999999,101,12,1.1908333333333334,845.4,431.6
KA,Kagera,2022,Lake,24.36,29.67,19.17,10072.6,130,30,0.0,845.4,431.6
KA,Kagera,2023,Lake,25.39,30.03,20.32,8355.8,130,18,0.5141666666666667,845.4,431.6
KI,Kigoma,2000,Western,26.220000000000002,31.43,21.58,10298.3,132,20,0.0,786.6,80.6
KI,Kigoma,2001,Western,26.66,31.7,21.89,9167.7,122,19,0.0,786.6,80.6
KI,Kigoma,2002,Western,28.099999999999998,33.03,23.27,9883.7,143,22,0.0,786.6,80.6
KI,Kigoma,2003,Western,27.67,33.54,22.99,7140.400000000001,86,16,0.4266666666666667,786.6,80.6
KI,Kigoma,2004,Western,27.679999999999996,33.27,21.42,12033.7,158,43,0.0,786.6,80.6
KI,Kigoma,2005,Western,27.060000000000002,31.76,21.58,11577.6,153,37,0.0,786.6,80.6
KI,Kigoma,2006,Western,27.220000000000002,33.36,19.75,10880.5,135,27,0.0,786.6,80.6
KI,Kigoma,2007,Western,28.87,34.04,21.83,9734.9,147,30,0.0,786.6,80.6
KI,Kigoma,2008,Western,27.01,32.2,21.55,9429.3,145,29,0.0,786.6,80.6
KI,Kigoma,2009,Western,27.060000000000002,32.84,22.15,6669.3,79,14,0.61,786.6,80.6
KI,Kigoma,2010,Western,28.060000000000002,33.03,23.23,12316.2,165,41,0.0,786.6,80.6
KI,Kigoma,2011,Western,26.34,30.7,21.73,9781.9,148,24,0.0,786.6,80.6
KI,Kigoma,2012,Western,27.310000000000002,31.47,21.93,8222.9,108,20,0.08166666666666668,786.6,80.6
KI,Kigoma,2013,Western,27.48,32.08,22.49,13231.5,182,59,0.0,786.6,80.6
KI,Kigoma,2014,Western,28.560000000000002,32.81,21.73,11788.7,154,31,0.0,786.6,80.6
KI,Kigoma,2015,Western,28.87,33.37,23.5,7739.8,112,12,0.20166666666666666,786.6,80.6
KI,Kigoma,2016,Western,28.87,34.0,23.13,7694.7,104,11,0.21416666666666664,786.6,80.6
KI,Kigoma,2017,Western,27.560000000000002,32.4,22.34,9567.1,136,25,0.0,786.6,80.6
KI,Kigoma,2018,Western,27.599999999999998,34.4,21.59,9388.3,127,31,0.0,786.6,80.6
KI,Kigoma,2019,Western,29.0,34.39,23.53,9531.8,147,28,0.0,786.6,80.6
KI,Kigoma,2020,Western,28.429999999999996,32.98,22.37,9831.7,119,28,0.0,786.6,80.6
KI,Kigoma,2021,Western,28.0,32.62,23.89,4597.6,72,11,1.4808333333333332,786.6,80.6
KI,Kigoma,2022,Western,27.8,32.94,23.0,11143.6,155,36,0.0,786.6,80.6
KI,Kigoma,2023,Western,27.95,33.32,22.66,7158.9,94,12,0.42083333333333334,786.6,80.6
KL,Kilimanjaro,2000,Northern,24.73,29.12,19.95,9929.7,139,35,0.0,344.3,0.3
KL,Kilimanjaro,2001,Northern,25.91,31.81,19.78,9389.0,118,25,0.0,344.3,0.3
KL,Kilimanjaro,2002,Northern,26.98,32.56,22.06,12034.8,172,45,0.0,344.3,0.3
KL,Kilimanjaro,2003,Northern,25.63,30.56,20.6,7349.4,108,11,0.2525,344.3,0.3
KL,Kilimanjaro,2004,Northern,26.19,30.45,21.62,11153.9,143,32,0.0,344.3,0.3
KL,Kilimanjaro,2005,Northern,25.44,30.55,20.85,8465.7,114,21,0.022500000000000003,344.3,0.3
KL,Kilimanjaro,2006,Northern,26.099999999999998,30.8,19.93,13641.2,182,45,0.0,344.3,0.3
KL,Kilimanjaro,2007,Northern,26.459999999999997,30.69,21.45,8873.6,114,24,0.0,344.3,0.3
KL,Kilimanjaro,2008,Northern,25.09,30.57,18.73,11173.3,137,33,0.0,344.3,0.3
KL,Kilimanjaro,2009,Northern,25.040000000000003,30.2,19.66,8112.8,106,15,0.06666666666666667,344.3,0.3
KL,Kilimanjaro,2010,Northern,25.810000000000002,31.61,20.68,10210.9,137,24,0.0,344.3,0.3
KL,Kilimanjaro,2011,Northern,25.03,30.07,19.84,9252.8,133,25,0.0,344.3,0.3
KL,Kilimanjaro,2012,Northern,26.19,31.27,21.41,9572.2,119,22,0.0,344.3,0.3
KL,Kilimanjaro,2013,Northern,26.48,33.21,21.63,9227.5,141,29,0.0,344.3,0.3
KL,Kilimanjaro,2014,Northern,27.150000000000002,32.83,22.35,12291.1,151,43,0.0,344.3,0.3
KL,Kilimanjaro,2015,Northern,27.95,32.97,23.53,10405.8,149,27,0.0,344.3,0.3
KL,Kilimanjaro,2016,Northern,26.2,31.72,21.26,6844.4,99,14,0.45166666666666666,344.3,0.3
KL,Kilimanjaro,2017,Northern,25.569999999999997,30.63,20.65,8322.1,112,19,0.03916666666666666,344.3,0.3
KL,Kilimanjaro,2018,Northern,26.099999999999998,31.78,19.72,9763.8,131,25,0.0,344.3,0.3
KL,Kilimanjaro,2019,Northern,27.66,31.91,21.52,8085.8,116,14,0.07083333333333335,344.3,0.3
KL,Kilimanjaro,2020,Northern,26.44,31.15,21.61,11671.3,144,33,0.0,344.3,0.3
KL,Kilimanjaro,2021,Northern,26.080000000000002,31.53,21.27,7612.8,117,20,0.17500000000000002,344.3,0.3
KL,Kilimanjaro,2022,Northern,26.060000000000002,31.04,19.77,9864.4,134,26,0.0,344.3,0.3
KL,Kilimanjaro,2023,Northern,27.09,31.87,21.7,10839.1,158,29,0.0,344.3,0.3
KT,Katavi,2000,Western,27.73,33.52,22.37,8387.6,116,15,0.0,578.1,20.2
KT,Katavi,2001,Western,27.830000000000002,32.51,22.54,7202.6,110,18,0.24833333333333332,578.1,20.2
KT,Katavi,2002,Western,29.38,34.24,23.92,10188.5,137,36,0.0,578.1,20.2
KT,Katavi,2003,Western,28.48,33.81,24.2,4531.6,65,12,1.4983333333333333,578.1,20.2
KT,Katavi,2004,Western,27.87,32.36,23.26,7438.5,104,12,0.15833333333333333,578.1,20.2
KT,Katavi,2005,Western,27.8,33.2,22.67,9813.0,139,30,0.0,578.1,20.2
KT,Katavi,2006,Western,28.39,33.21,22.22,9396.3,127,30,0.0,578.1,20.2
KT,Katavi,2007,Western,29.78,34.84,24.96,7863.2,98,17,0.0325,578.1,20.2
KT,Katavi,2008,Western,28.470000000000002,32.92,22.53,6698.8,110,13,0.4466666666666667,578.1,20.2
KT,Katavi,2009,Western,29.17,33.74,24.21,7355.2,91,16,0.19000000000000003,578.1,20.2
KT,Katavi,2010,Western,28.540000000000003,33.63,22.96,8452.8,115,26,0.0,578.1,20.2
KT,Katavi,2011,Western,26.87,30.79,21.43,7622.7,128,16,0.09000000000000001,578.1,20.2
KT,Katavi,2012,Western,28.87,33.78,22.91,6689.8,99,14,0.4483333333333333,578.1,20.2
KT,Katavi,2013,Western,29.16,34.85,24.38,7321.0,98,18,0.20166666666666666,578.1,20.2
KT,Katavi,2014,Western,28.34,33.06,21.94,11227.6,149,38,0.0,578.1,20.2
KT,Katavi,2015,Western,29.179999999999996,35.37,23.72,8113.299999999999,98,16,0.005,578.1,20.2
KT,Katavi,2016,Western,28.95,33.98,24.89,4630.7,70,6,1.4441666666666666,578.1,20.2
KT,Katavi,2017,Western,28.92,32.96,23.49,7860.5,112,19,0.03416666666666667,578.1,20.2
KT,Katavi,2018,Western,29.03,33.58,23.34,8112.1,111,25,0.005,578.1,20.2
KT,Katavi,2019,Western,30.330000000000002,35.19,24.47,8460.800000000001,114,18,0.0,578.1,20.2
KT,Katavi,2020,Western,28.89,33.21,24.0,9860.5,141,38,0.0,578.1,20.2
KT,Katavi,2021,Western,28.99,34.58,24.87,4982.6,76,8,1.2658333333333334,578.1,20.2
KT,Katavi,2022,Western,29.650000000000002,34.77,24.2,9030.8,126,26,0.0,578.1,20.2
KT,Katavi,2023,Western,29.569999999999997,34.13,25.67,9028.2,135,23,0.0,578.1,20.2
LI,Lindi,2000,Southern,29.13,34.33,24.08,7746.0,112,24,0.14916666666666667,163.2,150.4
LI,Lindi,2001,Southern,30.060000000000002,35.08,24.92,8250.1,135,25,0.011666666666666667,163.2,150.4
LI,Lindi,2002,Southern,31.320000000000004,35.48,24.68,11176.3,158,44,0.0,163.2,150.4
LI,Lindi,2003,Southern,29.959999999999997,34.82,25.03,6050.4,93,17,0.8833333333333333,163.2,150.4
LI,Lindi,2004,Southern,30.830000000000002,35.53,25.67,6564.0,91,9,0.6375000000000001,163.2,150.4
LI,Lindi,2005,Southern,29.77,35.33,24.07,6386.7,97,8,0.7208333333333333,163.2,150.4
LI,Lindi,2006,Southern,31.28,36.05,26.52,10230.9,139,34,0.0,163.2,150.4
LI,Lindi,2007,Southern,31.2,36.42,26.07,8586.6,123,25,0.0,163.2,150.4
LI,Lindi,2008,Southern,29.16,33.76,23.52,11409.6,155,40,0.0,163.2,150.4
LI,Lindi,2009,Southern,30.02,34.83,22.64,3693.9,42,4,2.111666666666667,163.2,150.4
LI,Lindi,2010,Southern,30.25,34.37,25.76,7057.3,106,17,0.4183333333333333,163.2,150.4
LI,Lindi,2011,Southern,30.41,35.47,24.28,5147.6,70,7,1.345,163.2,150.4
LI,Lindi,2012,Southern,30.650000000000002,35.62,26.29,9070.9,116,26,0.0,163.2,150.4
LI,Lindi,2013,Southern,30.34,34.79,25.42,6448.400000000001,84,15,0.6916666666666668,163.2,150.4
LI,Lindi,2014,Southern,30.13,34.51,25.05,12164.4,157,40,0.0,163.2,150.4
LI,Lindi,2015,Southern,31.78,37.24,26.31,11014.9,149,40,0.0,163.2,150.4
LI,Lindi,2016,Southern,30.400000000000002,35.72,24.81,3479.5,52,3,2.223333333333333,163.2,150.4
LI,Lindi,2017,Southern,30.39,35.03,25.11,9002.4,133,21,0.0,163.2,150.4
LI,Lindi,2018,Southern,31.900000000000002,36.95,27.1,7860.9,115,15,0.1075,163.2,150.4
LI,Lindi,2019,Southern,32.949999999999996,38.73,27.51,10170.4,145,29,0.0,163.2,150.4
LI,Lindi,2020,Southern,30.44,35.64,24.5,9446.5,131,29,0.0,163.2,150.4
LI,Lindi,2021,Southern,31.47,36.85,25.18,4932.4,75,8,1.4566666666666668,163.2,150.4
LI,Lindi,2022,Southern,31.320000000000004,36.63,25.35,8255.0,112,24,0.011666666666666667,163.2,150.4
LI,Lindi,2023,Southern,31.64,36.45,25.09,6803.7,91,11,0.525,163.2,150.4
MA,Manyara,2000,Northern,22.0,27.45,16.99,11902.4,165,46,0.0,1084.3,184.8
MA,Manyara,2001,Northern,23.44,27.51,17.92,9437.3,120,21,0.0,1084.3,184.8
MA,Manyara,2002,Northern,24.27,28.98,19.42,11179.9,161,34,0.0,1084.3,184.8
MA,Manyara,2003,Northern,22.66,27.42,17.04,5083.1,79,6,1.085,1084.3,184.8
MA,Manyara,2004,Northern,23.330000000000002,27.91,17.68,6761.7,87,13,0.3466666666666667,1084.3,184.8
MA,Manyara,2005,Northern,24.01,28.66,18.5,8139.700000000001,114,15,0.0,1084.3,184.8
MA,Manyara,2006,Northern,23.51,27.93,19.14,11119.2,154,44,0.0,1084.3,184.8
MA,Manyara,2007,Northern,23.75,29.62,19.05,10435.4,143,33,0.0,1084.3,184.8
MA,Manyara,2008,Northern,22.3,27.15,17.62,9584.2,143,31,0.0,1084.3,184.8
MA,Manyara,2009,Northern,23.560000000000002,28.33,17.81,5553.1,79,7,0.8649999999999999,1084.3,184.8
MA,Manyara,2010,Northern,24.19,28.76,19.55,8847.3,111,21,0.0,1084.3,184.8
MA,Manyara,2011,Northern,22.16,27.66,18.03,8487.4,117,19,0.0,1084.3,184.8
MA,Manyara,2012,Northern,24.2,28.68,18.58,9595.5,127,31,0.0,1084.3,184.8
MA,Manyara,2013,Northern,24.59,30.18,19.82,11857.0,149,39,0.0,1084.3,184.8
MA,Manyara,2014,Northern,24.099999999999998,29.32,18.39,7694.5,117,23,0.0425,1084.3,184.8
MA,Manyara,2015,Northern,24.45,29.09,19.0,7533.6,102,15,0.07416666666666667,1084.3,184.8
MA,Manyara,2016,Northern,23.45,28.03,17.89,8300.5,128,23,0.0,1084.3,184.8
MA,Manyara,2017,Northern,22.99,27.47,17.89,7435.4,86,9,0.09749999999999999,1084.3,184.8
MA,Manyara,2018,Northern,23.69,29.07,18.04,6957.5,91,16,0.2675,1084.3,184.8
MA,Manyara,2019,Northern,24.91,29.88,19.09,7840.8,94,11,0.022500000000000003,1084.3,184.8
MA,Manyara,2020,Northern,23.580000000000002,29.11,18.51,8971.1,120,25,0.0,1084.3,184.8
MA,Manyara,2021,Northern,23.92,28.92,17.16,6385.2,90,10,0.5033333333333333,1084.3,184.8
MA,Manyara,2022,Northern,24.44,30.02,20.16,7935.6,108,10,0.011666666666666667,1084.3,184.8
MA,Manyara,2023,Northern,24.61,29.56,19.31,8098.9,109,17,0.0016666666666666668,1084.3,184.8
MB,Mbeya,2000,Southern Highlands,19.36,24.27,13.71,16419.5,186,51,0.0,1198.2,114.3
MB,Mbeya,2001,Southern Highlands,20.34,25.69,14.62,10682.2,146,28,0.4025,1198.2,114.3
MB,Mbeya,2002,Southern Highlands,21.62,26.98,16.73,17840.899999999998,192,53,0.0,1198.2,114.3
MB,Mbeya,2003,Southern Highlands,20.490000000000002,25.66,15.37,7224.8,109,15,1.4974999999999998,1198.2,114.3
MB,Mbeya,2004,Southern Highlands,20.29,25.73,14.4,11907.3,155,32,0.09833333333333333,1198.2,114.3
MB,Mbeya,2005,Southern Highlands,21.38,28.41,15.59,13793.2,170,45,0.0,1198.2,114.3
MB,Mbeya,2006,Southern Highlands,20.810000000000002,25.29,15.94,15385.5,189,49,0.0,1198.2,114.3
MB,Mbeya,2007,Southern Highlands,22.790000000000003,26.63,16.57,10850.3,145,34,0.3575,1198.2,114.3
MB,Mbeya,2008,Southern Highlands,20.2,24.95,15.89,9549.9,134,29,0.7316666666666666,1198.2,114.3
MB,Mbeya,2009,Southern Highlands,19.7,23.69,13.71,6491.0,85,9,1.755,1198.2,114.3
MB,Mbeya,2010,Southern Highlands,21.34,25.5,16.85,11566.2,158,33,0.18166666666666664,1198.2,114.3
MB,Mbeya,2011,Southern Highlands,19.14,25.27,14.41,12536.0,153,35,0.010833333333333334,1198.2,114.3
MB,Mbeya,2012,Southern Highlands,19.38,24.05,14.32,11542.5,156,35,0.1875,1198.2,114.3
MB,Mbeya,2013,Southern Highlands,20.830000000000002,25.89,15.21,12817.7,161,52,0.0,1198.2,114.3
MB,Mbeya,2014,Southern Highlands,21.720000000000002,26.3,15.84,15866.900000000001,193,67,0.0,1198.2,114.3
MB,Mbeya,2015,Southern Highlands,22.27,27.27,15.86,12235.6,148,44,0.04083333333333333,1198.2,114.3
MB,Mbeya,2016,Southern Highlands,21.5,28.93,16.17,7932.400000000001,114,18,1.2483333333333333,1198.2,114.3
MB,Mbeya,2017,Southern Highlands,20.580000000000002,26.56,15.24,13383.2,175,48,0.0,1198.2,114.3
MB,Mbeya,2018,Southern Highlands,20.59,25.28,15.67,10502.7,140,39,0.4533333333333333,1198.2,114.3
MB,Mbeya,2019,Southern Highlands,22.7,28.2,17.18,9339.3,121,20,0.7991666666666667,1198.2,114.3
MB,Mbeya,2020,Southern Highlands,21.01,25.61,15.7,14955.3,202,60,0.0,1198.2,114.3
MB,Mbeya,2021,Southern Highlands,21.5,26.09,16.45,6530.8,98,18,1.7416666666666665,1198.2,114.3
MB,Mbeya,2022,Southern Highlands,21.330000000000002,26.58,15.45,12045.4,160,48,0.07083333333333333,1198.2,114.3
MB,Mbeya,2023,Southern Highlands,22.330000000000002,26.98,17.05,12066.8,164,40,0.06666666666666667,1198.2,114.3
MO,Morogoro,2000,Eastern,25.3,30.1,19.3,11504.0,153,37,0.0,1148.5,443.5
MO,Morogoro,2001,Eastern,25.650000000000002,30.99,21.63,7913.1,111,16,0.3491666666666666,1148.5,443.5
MO,Morogoro,2002,Eastern,26.959999999999997,32.29,21.72,11612.5,153,40,0.0,1148.5,443.5
MO,Morogoro,2003,Eastern,26.02,30.81,21.03,7054.2,84,15,0.7999999999999999,1148.5,443.5
MO,Morogoro,2004,Eastern,25.48,29.83,19.7,7590.1,106,17,0.505,1148.5,443.5
MO,Morogoro,2005,Eastern,25.429999999999996,30.64,20.18,8226.5,115,27,0.20083333333333334,1148.5,443.5
MO,Morogoro,2006,Eastern,25.51,31.54,20.18,10958.5,139,38,0.0,1148.5,443.5
MO,Morogoro,2007,Eastern,27.5,33.05,22.08,7218.7,109,23,0.7075,1148.5,443.5
MO,Morogoro,2008,Eastern,25.41,29.72,19.99,8858.9,119,22,0.0,1148.5,443.5
MO,Morogoro,2009,Eastern,26.099999999999998,31.24,21.8,5143.2,71,8,1.9000000000000001,1148.5,443.5
MO,Morogoro,2010,Eastern,25.41,30.12,20.96,7309.099999999999,118,22,0.6533333333333333,1148.5,443.5
MO,Morogoro,2011,Eastern,25.73,30.99,21.33,8937.9,124,26,0.0,1148.5,443.5
MO,Morogoro,2012,Eastern,27.150000000000002,31.5,22.15,8484.1,125,23,0.09333333333333334,1148.5,443.5
MO,Morogoro,2013,Eastern,25.970000000000002,31.46,21.69,9912.8,139,29,0.0,1148.5,443.5
MO,Morogoro,2014,Eastern,25.830000000000002,30.6,20.93,11406.4,157,35,0.0,1148.5,443.5
MO,Morogoro,2015,Eastern,27.319999999999997,32.2,22.41,4757.4,64,2,2.1225,1148.5,443.5
MO,Morogoro,2016,Eastern,26.5,30.82,21.68,4360.7,58,5,2.35,1148.5,443.5
MO,Morogoro,2017,Eastern,25.819999999999997,29.38,20.15,5127.9,73,4,1.9100000000000001,1148.5,443.5
MO,Morogoro,2018,Eastern,26.86,32.85,21.02,7132.1,103,24,0.7575,1148.5,443.5
MO,Morogoro,2019,Eastern,27.599999999999998,32.59,21.42,6256.6,88,9,1.26,1148.5,443.5
MO,Morogoro,2020,Eastern,26.27,30.82,21.36,9786.2,145,34,0.0,1148.5,443.5
MO,Morogoro,2021,Eastern,26.8,31.23,21.21,2829.1000000000004,41,2,3.2325,1148.5,443.5
MO,Morogoro,2022,Eastern,27.67,32.48,22.6,4452.6,58,3,2.299166666666667,1148.5,443.5
MO,Morogoro,2023,Eastern,28.28,33.05,21.98,4434.6,73,12,2.31,1148.5,443.5
MR,Mara,2000,Lake,23.52,28.17,18.93,11317.7,138,31,0.0,748.3,338.8
MR,Mara,2001,Lake,24.310000000000002,28.89,19.24,12152.4,161,48,0.0,748.3,338.8
MR,Mara,2002,Lake,25.400000000000002,29.91,20.19,13922.0,159,57,0.0,748.3,338.8
MR,Mara,2003,Lake,23.78,29.05,18.97,4258.8,54,6,2.500833333333333,748.3,338.8
MR,Mara,2004,Lake,24.88,30.07,20.33,9628.6,131,21,0.005833333333333334,748.3,338.8
MR,Mara,2005,Lake,24.150000000000002,28.88,19.46,11580.8,152,35,0.0,748.3,338.8
MR,Mara,2006,Lake,24.77,29.83,20.57,11966.8,157,37,0.0,748.3,338.8
MR,Mara,2007,Lake,25.26,30.16,20.27,9845.3,130,19,0.0,748.3,338.8
MR,Mara,2008,Lake,23.74,27.91,18.38,12908.0,162,40,0.0,748.3,338.8
MR,Mara,2009,Lake,23.88,29.06,19.06,6302.099999999999,86,11,1.4241666666666666,748.3,338.8
MR,Mara,2010,Lake,23.99,28.58,19.31,9740.7,139,38,0.0,748.3,338.8
MR,Mara,2011,Lake,23.429999999999996,28.32,19.08,9197.8,125,22,0.12333333333333334,748.3,338.8
MR,Mara,2012,Lake,23.959999999999997,30.55,18.21,9208.7,119,23,0.12,748.3,338.8
MR,Mara,2013,Lake,24.24,30.09,19.4,6893.7,97,20,1.1108333333333333,748.3,338.8
MR,Mara,2014,Lake,24.88,29.85,19.45,14236.5,178,48,0.0,748.3,338.8
MR,Mara,2015,Lake,26.19,31.13,21.41,8751.0,128,22,0.29,748.3,338.8
MR,Mara,2016,Lake,25.459999999999997,29.95,21.17,3445.4,53,5,2.9308333333333336,748.3,338.8
MR,Mara,2017,Lake,24.25,30.68,18.88,8330.300000000001,114,18,0.46416666666666667,748.3,338.8
MR,Mara,2018,Lake,25.13,30.78,20.65,9793.0,132,31,0.0,748.3,338.8
MR,Mara,2019,Lake,25.55,30.44,20.84,4859.6,71,5,2.1841666666666666,748.3,338.8
MR,Mara,2020,Lake,25.26,30.68,19.68,13023.6,168,46,0.0,748.3,338.8
MR,Mara,2021,Lake,25.02,29.96,18.91,7485.5,98,16,0.835,748.3,338.8
MR,Mara,2022,Lake,24.41,29.72,17.9,9132.1,128,29,0.14666666666666667,748.3,338.8
MR,Mara,2023,Lake,25.11,29.9,19.09,8850.300000000001,130,35,0.2508333333333333,748.3,338.8
MT,Mtwara,2000,Southern,27.09,32.51,21.51,8347.6,124,18,0.10416666666666667,808.3,89.4
MT,Mtwara,2001,Southern,27.59,32.51,22.74,10612.9,159,22,0.0,808.3,89.4
MT,Mtwara,2002,Southern,28.67,34.08,24.29,14573.9,190,52,0.0,808.3,89.4
MT,Mtwara,2003,Southern,27.74,32.26,22.0,9690.4,147,19,0.0,808.3,89.4
MT,Mtwara,2004,Southern,28.3,33.21,21.78,12308.7,168,32,0.0,808.3,89.4
MT,Mtwara,2005,Southern,29.69,34.01,25.26,7284.0,107,16,0.46166666666666667,808.3,89.4
MT,Mtwara,2006,Southern,27.78,32.95,22.54,12420.0,169,45,0.0,808.3,89.4
MT,Mtwara,2007,Southern,29.28,34.11,22.16,8524.0,137,30,0.065,808.3,89.4
MT,Mtwara,2008,Southern,27.599999999999998,32.79,22.03,9120.5,119,25,0.004166666666666667,808.3,89.4
MT,Mtwara,2009,Southern,28.36,33.07,23.4,7163.7,104,16,0.5033333333333333,808.3,89.4
MT,Mtwara,2010,Southern,29.02,34.41,24.42,8753.3,127,27,0.03333333333333333,808.3,89.4
MT,Mtwara,2011,Southern,26.99,32.1,21.83,8753.9,124,27,0.03333333333333333,808.3,89.4
MT,Mtwara,2012,Southern,28.42,33.21,22.76,11403.699999999999,148,35,0.0,808.3,89.4
MT,Mtwara,2013,Southern,28.91,33.57,23.44,9136.3,125,19,0.0033333333333333335,808.3,89.4
MT,Mtwara,2014,Southern,28.310000000000002,33.77,23.49,10176.7,139,32,0.0,808.3,89.4
MT,Mtwara,2015,Southern,29.569999999999997,33.92,23.67,12821.3,177,41,0.0,808.3,89.4
MT,Mtwara,2016,Southern,28.52,33.16,24.34,6069.0,97,13,0.9291666666666667,808.3,89.4
MT,Mtwara,2017,Southern,27.849999999999998,33.05,22.92,9088.9,139,25,0.005833333333333334,808.3,89.4
MT,Mtwara,2018,Southern,29.310000000000002,34.57,24.16,10312.9,131,34,0.0,808.3,89.4
MT,Mtwara,2019,Southern,30.150000000000002,36.41,24.92,9036.7,128,22,0.008333333333333333,808.3,89.4
MT,Mtwara,2020,Southern,29.44,34.32,24.44,9822.7,144,35,0.0,808.3,89.4
MT,Mtwara,2021,Southern,28.95,33.6,23.55,9138.7,122,25,0.0025,808.3,89.4
MT,Mtwara,2022,Southern,28.12,32.96,23.1,10323.6,136,33,0.0,808.3,89.4
MT,Mtwara,2023,Southern,30.67,35.08,26.14,6704.7,92,17,0.6741666666666667,808.3,89.4
MW,Mwanza,2000,Lake,21.42,27.43,14.97,11213.5,153,41,0.0,1269.0,251.3
MW,Mwanza,2001,Lake,23.23,29.31,17.07,8812.7,118,29,0.30333333333333334,1269.0,251.3
MW,Mwanza,2002,Lake,23.86,28.07,17.76,10625.3,150,33,0.0,1269.0,251.3
MW,Mwanza,2003,Lake,23.220000000000002,28.58,18.31,7803.4,122,18,0.6675,1269.0,251.3
MW,Mwanza,2004,Lake,22.720000000000002,28.17,17.72,13710.6,176,49,0.0,1269.0,251.3
MW,Mwanza,2005,Lake,22.48,26.85,17.68,11810.3,152,32,0.0,1269.0,251.3
MW,Mwanza,2006,Lake,22.37,27.82,17.23,14639.4,197,56,0.0,1269.0,251.3
MW,Mwanza,2007,Lake,23.95,28.51,17.36,11376.7,140,31,0.0,1269.0,251.3
MW,Mwanza,2008,Lake,21.790000000000003,26.7,16.45,6731.5,81,11,1.0966666666666667,1269.0,251.3
MW,Mwanza,2009,Lake,23.080000000000002,27.6,17.87,6510.5,101,15,1.1916666666666667,1269.0,251.3
MW,Mwanza,2010,Lake,23.209999999999997,27.46,18.1,7705.0,110,21,0.7050000000000001,1269.0,251.3
MW,Mwanza,2011,Lake,21.66,27.41,16.0,8782.3,129,32,0.3116666666666667,1269.0,251.3
MW,Mwanza,2012,Lake,22.74,28.15,17.45,12901.7,153,46,0.0,1269.0,251.3
MW,Mwanza,2013,Lake,23.720000000000002,28.55,19.56,8982.6,132,32,0.2508333333333333,1269.0,251.3
MW,Mwanza,2014,Lake,23.179999999999996,27.8,17.72,13705.1,184,48,0.0,1269.0,251.3
MW,Mwanza,2015,Lake,23.44,28.32,18.36,9628.2,134,32,0.059166666666666666,1269.0,251.3
MW,Mwanza,2016,Lake,23.040000000000003,28.47,18.25,6033.4,81,9,1.4024999999999999,1269.0,251.3
MW,Mwanza,2017,Lake,21.18,26.87,15.49,11139.9,157,31,0.0,1269.0,251.3
MW,Mwanza,2018,Lake,22.819999999999997,27.98,18.18,10986.4,149,46,0.0,1269.0,251.3
MW,Mwanza,2019,Lake,23.569999999999997,28.25,19.08,9201.2,133,22,0.18166666666666664,1269.0,251.3
MW,Mwanza,2020,Lake,23.569999999999997,28.05,18.72,9956.1,136,28,0.009166666666666667,1269.0,251.3
MW,Mwanza,2021,Lake,23.42,29.88,18.72,6254.6,82,9,1.3058333333333334,1269.0,251.3
MW,Mwanza,2022,Lake,23.26,28.92,18.06,7612.3,103,17,0.7425,1269.0,251.3
MW,Mwanza,2023,Lake,24.45,29.67,18.72,9368.0,126,29,0.1325,1269.0,251.3
NJ,Njombe,2000,Southern Highlands,21.07,25.82,16.59,18243.8,209,69,0.0,825.5,373.9
NJ,Njombe,2001,Southern Highlands,21.05,25.41,15.9,12411.9,167,42,0.0033333333333333335,825.5,373.9
NJ,Njombe,2002,Southern Highlands,23.98,28.95,17.54,20989.9,197,78,0.0,825.5,373.9
NJ,Njombe,2003,Southern Highlands,22.37,27.45,16.81,5730.9,92,14,2.0591666666666666,825.5,373.9
NJ,Njombe,2004,Southern Highlands,22.400000000000002,27.06,17.23,13082.4,166,59,0.0,825.5,373.9
NJ,Njombe,2005,Southern Highlands,22.720000000000002,27.55,17.31,13994.1,154,40,0.0,825.5,373.9
NJ,Njombe,2006,Southern Highlands,21.74,28.03,17.11,16945.9,186,63,0.0,825.5,373.9
NJ,Njombe,2007,Southern Highlands,23.64,28.18,17.92,13388.2,157,40,0.0,825.5,373.9
NJ,Njombe,2008,Southern Highlands,20.080000000000002,24.26,14.07,12892.5,173,55,0.0,825.5,373.9
NJ,Njombe,2009,Southern Highlands,22.78,26.75,17.89,13567.7,178,57,0.0,825.5,373.9
NJ,Njombe,2010,Southern Highlands,21.790000000000003,27.26,15.42,12726.9,169,47,0.0,825.5,373.9
NJ,Njombe,2011,Southern Highlands,20.85,25.22,15.35,12399.9,168,41,0.0033333333333333335,825.5,373.9
NJ,Njombe,2012,Southern Highlands,22.74,27.5,17.08,12989.0,176,49,0.0,825.5,373.9
NJ,Njombe,2013,Southern Highlands,21.720000000000002,26.98,17.07,9536.2,132,30,0.7358333333333333,825.5,373.9
NJ,Njombe,2014,Southern Highlands,22.55,27.3,18.16,12712.0,175,54,0.0,825.5,373.9
NJ,Njombe,2015,Southern Highlands,23.560000000000002,27.9,18.42,8095.0,117,23,1.2291666666666667,825.5,373.9
NJ,Njombe,2016,Southern Highlands,22.220000000000002,25.94,16.54,3761.5,52,4,2.8625000000000003,825.5,373.9
NJ,Njombe,2017,Southern Highlands,21.67,26.51,17.61,7709.7,100,9,1.3658333333333335,825.5,373.9
NJ,Njombe,2018,Southern Highlands,23.11,27.27,17.96,6809.4,97,16,1.6825,825.5,373.9
NJ,Njombe,2019,Southern Highlands,23.790000000000003,28.32,18.79,8909.8,124,19,0.9425,825.5,373.9
NJ,Njombe,2020,Southern Highlands,22.39,27.14,17.74,13751.1,174,52,0.0,825.5,373.9
NJ,Njombe,2021,Southern Highlands,22.25,26.69,17.27,7081.3,108,14,1.5841666666666667,825.5,373.9
NJ,Njombe,2022,Southern Highlands,22.720000000000002,28.08,16.49,9087.3,124,29,0.8816666666666667,825.5,373.9
NJ,Njombe,2023,Southern Highlands,22.810000000000002,26.96,17.8,8514.7,122,29,1.0825,825.5,373.9
PN,Pemba North,2000,Zanzibar,26.86,32.94,22.03,7532.4,100,20,2.18,595.5,495.0
PN,Pemba North,2001,Zanzibar,27.52,32.6,22.94,6801.3,98,14,2.4683333333333333,595.5,495.0
PN,Pemba North,2002,Zanzibar,28.98,34.07,24.63,17536.4,184,61,0.0,595.5,495.0
PN,Pemba North,2003,Zanzibar,28.37,33.22,23.88,2624.2,30,2,4.12,595.5,495.0
PN,Pemba North,2004,Zanzibar,27.66,32.74,21.31,10275.3,127,28,1.0958333333333334,595.5,495.0
PN,Pemba North,2005,Zanzibar,28.599999999999998,33.12,22.96,10665.9,134,35,0.94,595.5,495.0
PN,Pemba North,2006,Zanzibar,28.64,34.68,23.25,12962.7,165,37,0.13166666666666668,595.5,495.0
PN,Pemba North,2007,Zanzibar,29.41,34.27,23.24,10675.9,138,42,0.9375,595.5,495.0
PN,Pemba North,2008,Zanzibar,27.429999999999996,33.43,21.29,14267.3,186,66,0.02666666666666667,595.5,495.0
PN,Pemba North,2009,Zanzibar,28.24,33.23,23.08,9382.4,133,22,1.4483333333333333,595.5,495.0
PN,Pemba North,2010,Zanzibar,27.679999999999996,32.17,22.4,9636.7,139,29,1.3483333333333334,595.5,495.0
PN,Pemba North,2011,Zanzibar,27.24,31.55,21.85,16720.9,173,58,0.0,595.5,495.0
PN,Pemba North,2012,Zanzibar,27.790000000000003,32.37,22.27,16193.0,175,45,0.0,595.5,495.0
PN,Pemba North,2013,Zanzibar,28.849999999999998,34.15,23.98,9562.1,116,25,1.3783333333333332,595.5,495.0
PN,Pemba North,2014,Zanzibar,27.53,32.57,22.24,11174.8,136,37,0.7383333333333333,595.5,495.0
PN,Pemba North,2015,Zanzibar,28.94,33.64,24.36,14501.8,173,45,0.01,595.5,495.0
PN,Pemba North,2016,Zanzibar,27.470000000000002,32.25,21.43,8945.9,120,28,1.6199999999999999,595.5,495.0
PN,Pemba North,2017,Zanzibar,27.3,32.64,20.6,12784.4,149,51,0.15833333333333333,595.5,495.0
PN,Pemba North,2018,Zanzibar,27.59,32.1,22.63,9608.6,129,17,1.3583333333333334,595.5,495.0
PN,Pemba North,2019,Zanzibar,29.63,34.26,24.39,7273.3,111,22,2.2808333333333333,595.5,495.0
PN,Pemba North,2020,Zanzibar,27.790000000000003,33.67,23.0,14471.6,173,44,0.011666666666666667,595.5,495.0
PN,Pemba North,2021,Zanzibar,27.95,33.33,23.54,7173.4,96,10,2.32,595.5,495.0
PN,Pemba North,2022,Zanzibar,28.3,33.7,23.09,10755.0,142,28,0.9058333333333334,595.5,495.0
PN,Pemba North,2023,Zanzibar,29.87,35.34,25.58,8942.7,118,29,1.6199999999999999,595.5,495.0
PS,Pemba South,2000,Zanzibar,27.03,32.56,22.72,17747.9,201,75,0.0,1247.5,35.5
PS,Pemba South,2001,Zanzibar,28.040000000000003,32.88,22.6,15981.5,182,55,0.0,1247.5,35.5
PS,Pemba South,2002,Zanzibar,29.470000000000002,35.11,25.35,16438.2,194,63,0.0,1247.5,35.5
PS,Pemba South,2003,Zanzibar,27.959999999999997,32.17,23.11,8764.1,137,26,1.1566666666666667,1247.5,35.5
PS,Pemba South,2004,Zanzibar,27.98,32.29,23.08,13958.7,180,50,0.0016666666666666668,1247.5,35.5
PS,Pemba South,2005,Zanzibar,28.02,32.74,21.81,11673.8,137,27,0.3775,1247.5,35.5
PS,Pemba South,2006,Zanzibar,27.52,31.68,22.02,15675.5,193,68,0.0,1247.5,35.5
PS,Pemba South,2007,Zanzibar,28.53,33.41,22.1,15850.699999999999,195,50,0.0,1247.5,35.5
PS,Pemba South,2008,Zanzibar,27.41,33.38,22.57,14793.9,178,49,0.0,1247.5,35.5
PS,Pemba South,2009,Zanzibar,28.28,32.81,22.72,13411.800000000001,172,57,0.03333333333333333,1247.5,35.5
PS,Pemba South,2010,Zanzibar,29.459999999999997,33.56,24.5,14543.3,174,51,0.0,1247.5,35.5
PS,Pemba South,2011,Zanzibar,27.16,34.34,22.21,11448.2,156,41,0.43,1247.5,35.5
PS,Pemba South,2012,Zanzibar,28.86,32.75,22.46,14632.699999999999,183,52,0.0,1247.5,35.5
PS,Pemba South,2013,Zanzibar,28.45,33.15,23.87,16998.0,199,62,0.0,1247.5,35.5
PS,Pemba South,2014,Zanzibar,27.48,32.4,22.06,12537.4,162,40,0.17916666666666667,1247.5,35.5
PS,Pemba South,2015,Zanzibar,28.2,33.03,23.41,13074.3,175,57,0.07416666666666667,1247.5,35.5
PS,Pemba South,2016,Zanzibar,28.470000000000002,32.78,24.14,9298.0,129,22,0.9966666666666667,1247.5,35.5
PS,Pemba South,2017,Zanzibar,27.25,33.68,23.21,13862.9,172,47,0.005,1247.5,35.5
PS,Pemba South,2018,Zanzibar,29.05,33.45,22.22,12814.9,172,40,0.11666666666666665,1247.5,35.5
PS,Pemba South,2019,Zanzibar,29.45,34.32,24.5,14438.7,191,49,0.0,1247.5,35.5
PS,Pemba South,2020,Zanzibar,27.679999999999996,32.66,21.66,16858.1,185,56,0.0,1247.5,35.5
PS,Pemba South,2021,Zanzibar,28.8,33.18,24.4,11714.0,164,43,0.36916666666666664,1247.5,35.5
PS,Pemba South,2022,Zanzibar,28.319999999999997,33.28,24.17,13389.2,170,41,0.035833333333333335,1247.5,35.5
PS,Pemba South,2023,Zanzibar,29.11,34.17,24.04,12287.199999999999,155,45,0.23750000000000002,1247.5,35.5
PW,Pwani,2000,Eastern,26.95,32.49,21.45,10603.9,146,36,0.0,832.6,261.1
PW,Pwani,2001,Eastern,28.49,34.24,22.63,12418.6,149,37,0.0,832.6,261.1
PW,Pwani,2002,Eastern,29.349999999999998,34.58,23.19,15734.2,180,51,0.0,832.6,261.1
PW,Pwani,2003,Eastern,27.89,33.04,23.14,3986.4,62,4,2.4116666666666666,832.6,261.1
PW,Pwani,2004,Eastern,28.720000000000002,35.11,23.11,5265.3,82,8,1.675,832.6,261.1
PW,Pwani,2005,Eastern,28.05,32.79,23.1,7945.2,120,22,0.3233333333333333,832.6,261.1
PW,Pwani,2006,Eastern,28.209999999999997,33.36,22.23,11551.2,158,43,0.0,832.6,261.1
PW,Pwani,2007,Eastern,29.74,34.6,24.59,12321.8,176,47,0.0,832.6,261.1
PW,Pwani,2008,Eastern,27.720000000000002,33.23,22.27,8597.6,126,26,0.07250000000000001,832.6,261.1
PW,Pwani,2009,Eastern,28.86,33.19,23.1,2227.7,31,1,3.4233333333333333,832.6,261.1
PW,Pwani,2010,Eastern,28.14,32.71,22.89,8774.9,130,29,0.01916666666666667,832.6,261.1
PW,Pwani,2011,Eastern,27.91,33.62,21.08,10755.8,145,35,0.0,832.6,261.1
PW,Pwani,2012,Eastern,28.64,33.83,24.53,9656.5,135,29,0.0,832.6,261.1
PW,Pwani,2013,Eastern,27.53,32.1,22.84,4887.0,70,5,1.8925,832.6,261.1
PW,Pwani,2014,Eastern,28.290000000000003,34.36,23.14,13429.4,163,47,0.0,832.6,261.1
PW,Pwani,2015,Eastern,29.27,36.67,24.32,8638.6,126,36,0.06083333333333333,832.6,261.1
PW,Pwani,2016,Eastern,29.3,34.17,23.47,777.9,12,0,4.258333333333334,832.6,261.1
PW,Pwani,2017,Eastern,27.929999999999996,32.88,23.13,5119.3,78,11,1.7591666666666665,832.6,261.1
PW,Pwani,2018,Eastern,28.23,32.55,24.1,6841.5,85,11,0.8366666666666666,832.6,261.1
PW,Pwani,2019,Eastern,29.459999999999997,34.44,23.61,5820.5,86,7,1.3558333333333332,832.6,261.1
PW,Pwani,2020,Eastern,28.720000000000002,33.96,23.32,10956.7,151,37,0.0,832.6,261.1
PW,Pwani,2021,Eastern,29.0,33.78,24.25,7042.8,89,14,0.7408333333333333,832.6,261.1
PW,Pwani,2022,Eastern,28.64,33.62,21.77,5055.9,70,10,1.7958333333333334,832.6,261.1
PW,Pwani,2023,Eastern,30.400000000000002,35.67,25.27,6520.8,87,12,0.9916666666666667,832.6,261.1
RU,Rukwa,2000,Western,25.66,30.91,20.4,8720.1,117,20,0.0,783.0,125.4
RU,Rukwa,2001,Western,27.09,31.11,22.13,10183.0,142,41,0.0,783.0,125.4
RU,Rukwa,2002,Western,28.36,33.2,22.76,13131.4,168,45,0.0,783.0,125.4
RU,Rukwa,2003,Western,27.48,33.38,21.12,5158.7,80,10,1.18,783.0,125.4
RU,Rukwa,2004,Western,27.11,31.38,22.87,10235.8,132,31,0.0,783.0,125.4
RU,Rukwa,2005,Western,27.39,32.27,22.07,10026.7,133,26,0.0,783.0,125.4
RU,Rukwa,2006,Western,27.23,31.78,22.55,10682.9,147,40,0.0,783.0,125.4
RU,Rukwa,2007,Western,28.74,33.4,23.15,7413.9,103,21,0.20333333333333334,783.0,125.4
RU,Rukwa,2008,Western,26.23,30.87,20.96,12848.0,146,47,0.0,783.0,125.4
RU,Rukwa,2009,Western,26.87,32.16,22.01,4513.0,58,5,1.5025000000000002,783.0,125.4
RU,Rukwa,2010,Western,28.12,33.19,23.01,9760.5,128,21,0.0,783.0,125.4
RU,Rukwa,2011,Western,26.319999999999997,31.19,21.44,10473.9,138,29,0.0,783.0,125.4
RU,Rukwa,2012,Western,27.720000000000002,32.42,23.43,8943.7,121,25,0.0,783.0,125.4
RU,Rukwa,2013,Western,27.349999999999998,33.52,22.39,8719.2,128,22,0.0,783.0,125.4
RU,Rukwa,2014,Western,27.03,31.67,22.21,10130.599999999999,136,28,0.0,783.0,125.4
RU,Rukwa,2015,Western,28.26,34.2,22.99,5712.6,68,5,0.9091666666666667,783.0,125.4
RU,Rukwa,2016,Western,28.27,33.12,22.48,7200.2,92,12,0.28833333333333333,783.0,125.4
RU,Rukwa,2017,Western,26.01,30.95,21.02,10214.3,131,34,0.0,783.0,125.4
RU,Rukwa,2018,Western,27.48,31.76,23.26,8177.400000000001,130,19,0.014166666666666668,783.0,125.4
RU,Rukwa,2019,Western,28.5,33.86,23.46,9417.6,138,30,0.0,783.0,125.4
RU,Rukwa,2020,Western,27.650000000000002,32.25,22.4,9163.4,122,19,0.0,783.0,125.4
RU,Rukwa,2021,Western,28.27,33.32,22.1,5007.9,71,8,1.2550000000000001,783.0,125.4
RU,Rukwa,2022,Western,27.830000000000002,33.27,22.43,8747.8,113,25,0.0,783.0,125.4
RU,Rukwa,2023,Western,28.560000000000002,33.5,22.44,6642.400000000001,106,19,0.505,783.0,125.4
RV,Ruvuma,2000,Southern,24.040000000000003,29.23,19.38,8002.9,122,21,0.030833333333333334,1516.2,209.8
RV,Ruvuma,2001,Southern,25.599999999999998,29.85,20.01,9019.5,133,30,0.0,1516.2,209.8
RV,Ruvuma,2002,Southern,25.720000000000002,30.23,20.86,11322.7,146,30,0.0,1516.2,209.8
RV,Ruvuma,2003,Southern,25.12,29.79,20.4,5891.8,86,9,0.9866666666666667,1516.2,209.8
RV,Ruvuma,2004,Southern,24.720000000000002,30.3,19.48,8455.6,126,27,0.0,1516.2,209.8
RV,Ruvuma,2005,Southern,24.849999999999998,32.06,19.12,10759.5,135,27,0.0,1516.2,209.8
RV,Ruvuma,2006,Southern,24.25,29.19,18.67,9755.4,135,39,0.0,1516.2,209.8
RV,Ruvuma,2007,Southern,26.77,32.68,21.04,6213.4,98,12,0.8191666666666667,1516.2,209.8
RV,Ruvuma,2008,Southern,25.330000000000002,30.66,20.01,9693.0,131,32,0.0,1516.2,209.8
RV,Ruvuma,2009,Southern,24.8,29.29,19.82,4103.3,58,3,1.9758333333333333,1516.2,209.8
RV,Ruvuma,2010,Southern,24.63,29.61,19.46,9041.4,124,20,0.0,1516.2,209.8
RV,Ruvuma,2011,Southern,24.7,29.55,20.62,9498.9,133,27,0.0,1516.2,209.8
RV,Ruvuma,2012,Southern,24.55,28.56,19.33,8698.1,111,22,0.0,1516.2,209.8
RV,Ruvuma,2013,Southern,25.720000000000002,30.48,20.74,6610.0,86,16,0.615,1516.2,209.8
RV,Ruvuma,2014,Southern,25.540000000000003,30.93,19.21,11026.8,155,43,0.0,1516.2,209.8
RV,Ruvuma,2015,Southern,25.59,30.16,19.98,7932.1,117,19,0.04833333333333333,1516.2,209.8
RV,Ruvuma,2016,Southern,24.95,30.9,19.78,7131.0,100,17,0.3675,1516.2,209.8
RV,Ruvuma,2017,Southern,24.7,29.02,18.85,8139.0,116,25,0.006666666666666667,1516.2,209.8
RV,Ruvuma,2018,Southern,25.59,29.67,21.1,5615.7,74,11,1.135,1516.2,209.8
RV,Ruvuma,2019,Southern,25.61,30.3,20.42,8392.4,135,26,0.0,1516.2,209.8
RV,Ruvuma,2020,Southern,26.330000000000002,31.55,20.59,8783.2,135,31,0.0,1516.2,209.8
RV,Ruvuma,2021,Southern,25.52,30.58,20.13,3774.1,62,5,2.1816666666666666,1516.2,209.8
RV,Ruvuma,2022,Southern,25.87,30.16,19.98,9009.8,128,27,0.0,1516.2,209.8
RV,Ruvuma,2023,Southern,27.12,33.05,22.09,7951.2,115,17,0.04416666666666667,1516.2,209.8
SD,Singida,2000,Central,25.41,29.52,18.66,8184.4,106,14,0.0,366.3,19.5
SD,Singida,2001,Central,26.89,32.25,20.06,4702.1,74,1,0.7641666666666667,366.3,19.5
SD,Singida,2002,Central,27.73,33.28,22.17,7091.5,113,20,0.0,366.3,19.5
SD,Singida,2003,Central,26.76,31.15,21.24,6920.0,93,12,0.0,366.3,19.5
SD,Singida,2004,Central,26.34,31.8,20.96,8395.4,119,23,0.0,366.3,19.5
SD,Singida,2005,Central,27.330000000000002,33.06,21.95,6605.4,91,17,0.015,366.3,19.5
SD,Singida,2006,Central,27.61,32.24,23.03,9527.9,128,25,0.0,366.3,19.5
SD,Singida,2007,Central,28.24,33.06,23.61,9363.0,119,21,0.0,366.3,19.5
SD,Singida,2008,Central,25.95,30.35,21.13,5994.5,76,11,0.13749999999999998,366.3,19.5
SD,Singida,2009,Central,27.060000000000002,31.33,21.75,4902.8,66,7,0.6591666666666667,366.3,19.5
SD,Singida,2010,Central,27.069999999999997,31.85,22.33,7512.0,112,17,0.0,366.3,19.5
SD,Singida,2011,Central,26.330000000000002,31.16,21.62,6509.2,73,7,0.025833333333333333,366.3,19.5
SD,Singida,2012,Central,26.84,31.16,20.73,4229.5,56,4,1.015,366.3,19.5
SD,Singida,2013,Central,26.87,32.9,21.93,4566.9,49,4,0.835,366.3,19.5
SD,Singida,2014,Central,26.7,31.79,21.63,7105.099999999999,105,15,0.0,366.3,19.5
SD,Singida,2015,Central,27.900000000000002,32.47,23.62,6388.0,79,10,0.043333333333333335,366.3,19.5
SD,Singida,2016,Central,27.38,31.87,22.37,4545.2,69,8,0.8466666666666667,366.3,19.5
SD,Singida,2017,Central,27.19,32.11,21.11,6948.4,106,9,0.0,366.3,19.5
SD,Singida,2018,Central,27.48,32.23,22.15,5945.5,77,11,0.15083333333333335,366.3,19.5
SD,Singida,2019,Central,28.540000000000003,32.73,22.71,6149.9,89,12,0.09166666666666667,366.3,19.5
SD,Singida,2020,Central,26.52,32.18,21.93,9385.2,127,24,0.0,366.3,19.5
SD,Singida,2021,Central,27.19,32.53,23.02,5975.4,79,13,0.14333333333333334,366.3,19.5
SD,Singida,2022,Central,27.040000000000003,32.24,20.58,5959.7,81,7,0.1475,366.3,19.5
SD,Singida,2023,Central,28.330000000000002,33.89,22.82,5902.0,91,12,0.16666666666666666,366.3,19.5
SH,Shinyanga,2000,Lake,22.61,28.31,17.63,10676.7,159,35,0.0,1548.4,232.3
SH,Shinyanga,2001,Lake,24.91,29.68,19.47,12756.1,168,49,0.0,1548.4,232.3
SH,Shinyanga,2002,Lake,24.39,29.25,19.54,14288.1,171,48,0.0,1548.4,232.3
SH,Shinyanga,2003,Lake,24.03,28.77,18.61,8230.1,123,22,0.4975,1548.4,232.3
SH,Shinyanga,2004,Lake,23.209999999999997,28.27,17.92,9750.6,121,32,0.02333333333333333,1548.4,232.3
SH,Shinyanga,2005,Lake,23.64,28.8,18.62,6613.2,81,10,1.1633333333333333,1548.4,232.3
SH,Shinyanga,2006,Lake,22.87,28.12,17.37,13289.1,171,40,0.0,1548.4,232.3
SH,Shinyanga,2007,Lake,24.310000000000002,29.96,19.3,10438.6,144,37,0.0,1548.4,232.3
SH,Shinyanga,2008,Lake,22.679999999999996,28.73,17.97,9949.3,139,31,0.004166666666666667,1548.4,232.3
SH,Shinyanga,2009,Lake,23.75,28.2,18.23,8030.7,112,14,0.5775,1548.4,232.3
SH,Shinyanga,2010,Lake,23.51,27.96,18.26,9652.6,134,29,0.04,1548.4,232.3
SH,Shinyanga,2011,Lake,23.349999999999998,29.08,18.15,11157.4,143,29,0.0,1548.4,232.3
SH,Shinyanga,2012,Lake,23.75,28.72,19.08,6264.4,75,10,1.3175000000000001,1548.4,232.3
SH,Shinyanga,2013,Lake,24.470000000000002,28.91,20.29,10268.7,134,27,0.0,1548.4,232.3
SH,Shinyanga,2014,Lake,23.7,28.51,17.81,13160.2,171,45,0.0,1548.4,232.3
SH,Shinyanga,2015,Lake,24.959999999999997,29.63,20.45,7692.3,91,11,0.7108333333333333,1548.4,232.3
SH,Shinyanga,2016,Lake,23.849999999999998,29.47,17.84,7014.2,95,19,0.9874999999999999,1548.4,232.3
SH,Shinyanga,2017,Lake,23.209999999999997,28.25,18.19,8182.1,114,25,0.5175,1548.4,232.3
SH,Shinyanga,2018,Lake,24.39,31.06,19.57,10863.800000000001,148,31,0.0,1548.4,232.3
SH,Shinyanga,2019,Lake,24.38,29.31,19.1,10522.8,141,42,0.0,1548.4,232.3
SH,Shinyanga,2020,Lake,23.89,28.91,18.91,11119.8,145,42,0.0,1548.4,232.3
SH,Shinyanga,2021,Lake,23.94,28.8,19.2,8347.3,109,18,0.45416666666666666,1548.4,232.3
SH,Shinyanga,2022,Lake,24.2,30.25,18.77,9226.0,115,24,0.1625,1548.4,232.3
SH,Shinyanga,2023,Lake,26.0,31.46,21.16,6663.5,85,11,1.1424999999999998,1548.4,232.3
SI,Simiyu,2000,Lake,26.650000000000002,30.42,20.3,9211.9,136,22,0.2525,699.9,13.3
SI,Simiyu,2001,Lake,26.38,31.89,19.57,11978.6,165,48,0.0,699.9,13.3
SI,Simiyu,2002,Lake,27.49,32.99,22.05,13515.9,179,55,0.0,699.9,13.3
SI,Simiyu,2003,Lake,27.38,33.21,22.15,5544.1,81,10,1.5650000000000002,699.9,13.3
SI,Simiyu,2004,Lake,26.95,31.24,22.03,11370.4,163,43,0.0,699.9,13.3
SI,Simiyu,2005,Lake,25.970000000000002,30.59,20.96,8611.5,121,24,0.4383333333333333,699.9,13.3
SI,Simiyu,2006,Lake,27.88,33.92,21.4,14508.0,177,45,0.0,699.9,13.3
SI,Simiyu,2007,Lake,28.080000000000002,34.08,23.79,10274.9,136,31,0.02,699.9,13.3
SI,Simiyu,2008,Lake,26.74,31.22,21.69,13248.4,172,42,0.0,699.9,13.3
SI,Simiyu,2009,Lake,27.38,32.76,22.78,8466.1,116,22,0.4825,699.9,13.3
SI,Simiyu,2010,Lake,26.78,32.73,20.7,9961.7,125,29,0.06,699.9,13.3
SI,Simiyu,2011,Lake,27.59,32.79,21.71,8686.8,129,27,0.41500000000000004,699.9,13.3
SI,Simiyu,2012,Lake,27.0,32.4,22.98,7188.5,106,19,0.9191666666666666,699.9,13.3
SI,Simiyu,2013,Lake,26.89,31.29,19.88,11933.4,162,34,0.0,699.9,13.3
SI,Simiyu,2014,Lake,26.74,30.71,20.16,15083.4,181,47,0.0,699.9,13.3
SI,Simiyu,2015,Lake,28.16,33.32,23.49,11027.2,148,28,0.0,699.9,13.3
SI,Simiyu,2016,Lake,27.75,33.27,22.25,5768.4,93,6,1.4749999999999999,699.9,13.3
SI,Simiyu,2017,Lake,25.92,31.26,21.27,11746.3,145,40,0.0,699.9,13.3
SI,Simiyu,2018,Lake,27.19,31.86,22.13,6801.599999999999,98,9,1.0675000000000001,699.9,13.3
SI,Simiyu,2019,Lake,28.61,33.92,22.32,12234.7,178,44,0.0,699.9,13.3
SI,Simiyu,2020,Lake,27.459999999999997,32.54,22.09,13895.2,167,42,0.0,699.9,13.3
SI,Simiyu,2021,Lake,27.099999999999998,31.66,21.21,11644.1,156,43,0.0,699.9,13.3
SI,Simiyu,2022,Lake,28.39,33.27,23.76,7238.8,109,19,0.9016666666666667,699.9,13.3
SI,Simiyu,2023,Lake,28.19,34.7,23.15,8117.4,109,18,0.5925,699.9,13.3
SO,Songwe,2000,Southern Highlands,19.37,24.01,14.58,10458.2,137,38,0.44333333333333336,1290.7,401.7
SO,Songwe,2001,Southern Highlands,19.1,25.14,13.99,11466.2,151,41,0.15,1290.7,401.7
SO,Songwe,2002,Southern Highlands,21.32,26.65,16.59,13326.6,172,44,0.0,1290.7,401.7
SO,Songwe,2003,Southern Highlands,19.05,23.08,14.21,8798.800000000001,125,18,1.0091666666666665,1290.7,401.7
SO,Songwe,2004,Southern Highlands,20.23,24.19,14.24,16146.1,177,50,0.0,1290.7,401.7
SO,Songwe,2005,Southern Highlands,19.82,24.89,15.17,14812.199999999999,185,44,0.0,1290.7,401.7
SO,Songwe,2006,Southern Highlands,19.78,24.08,14.6,16215.7,186,67,0.0,1290.7,401.7
SO,Songwe,2007,Southern Highlands,20.720000000000002,24.66,15.44,9662.6,124,24,0.7041666666666666,1290.7,401.7
SO,Songwe,2008,Southern Highlands,18.1,23.09,13.84,11799.6,158,40,0.06833333333333334,1290.7,401.7
SO,Songwe,2009,Southern Highlands,19.19,24.29,13.59,15028.5,173,47,0.0,1290.7,401.7
SO,Songwe,2010,Southern Highlands,19.67,24.84,14.25,8243.9,114,15,1.2033333333333334,1290.7,401.7
SO,Songwe,2011,Southern Highlands,18.400000000000002,23.0,14.25,10712.5,143,37,0.36166666666666664,1290.7,401.7
SO,Songwe,2012,Southern Highlands,19.48,24.6,12.18,13201.7,168,44,0.0,1290.7,401.7
SO,Songwe,2013,Southern Highlands,19.68,24.41,13.97,10583.3,128,30,0.4041666666666666,1290.7,401.7
SO,Songwe,2014,Southern Highlands,19.94,25.61,14.23,14260.7,190,57,0.0,1290.7,401.7
SO,Songwe,2015,Southern Highlands,20.86,25.57,15.43,10789.0,146,41,0.3383333333333333,1290.7,401.7
SO,Songwe,2016,Southern Highlands,19.28,24.69,14.33,8754.0,122,24,1.0250000000000001,1290.7,401.7
SO,Songwe,2017,Southern Highlands,19.94,25.15,13.41,11431.0,156,30,0.15916666666666668,1290.7,401.7
SO,Songwe,2018,Southern Highlands,19.92,24.89,14.98,10652.5,138,32,0.38166666666666665,1290.7,401.7
SO,Songwe,2019,Southern Highlands,22.24,27.49,17.96,10546.099999999999,144,32,0.4141666666666666,1290.7,401.7
SO,Songwe,2020,Southern Highlands,19.29,24.66,13.75,11486.2,157,32,0.145,1290.7,401.7
SO,Songwe,2021,Southern Highlands,20.240000000000002,24.35,15.61,8829.8,139,26,0.9983333333333334,1290.7,401.7
SO,Songwe,2022,Southern Highlands,20.39,24.83,14.9,9388.9,122,21,0.8008333333333333,1290.7,401.7
SO,Songwe,2023,Southern Highlands,21.34,26.72,16.26,7230.5,103,19,1.5599999999999998,1290.7,401.7
TA,Tanga,2000,Eastern,28.16,33.93,23.48,6509.400000000001,87,11,0.9733333333333333,776.6,164.3
TA,Tanga,2001,Eastern,29.49,34.98,23.79,9209.3,131,27,0.0,776.6,164.3
TA,Tanga,2002,Eastern,30.61,36.76,24.58,10483.7,145,30,0.0,776.6,164.3
TA,Tanga,2003,Eastern,29.569999999999997,34.41,25.01,7954.5,114,20,0.32416666666666666,776.6,164.3
TA,Tanga,2004,Eastern,29.94,34.41,24.01,9872.3,131,27,0.0,776.6,164.3
TA,Tanga,2005,Eastern,29.42,34.44,24.89,7696.0,118,33,0.43250000000000005,776.6,164.3
TA,Tanga,2006,Eastern,29.55,35.11,23.81,8488.8,115,24,0.13083333333333333,776.6,164.3
TA,Tanga,2007,Eastern,30.569999999999997,36.5,25.24,7276.5,98,12,0.6124999999999999,776.6,164.3
TA,Tanga,2008,Eastern,29.470000000000002,35.58,24.79,10158.7,129,42,0.0,776.6,164.3
TA,Tanga,2009,Eastern,30.7,35.27,25.24,4209.3,58,5,2.140833333333333,776.6,164.3
TA,Tanga,2010,Eastern,29.900000000000002,34.7,23.91,9327.8,150,25,0.0,776.6,164.3
TA,Tanga,2011,Eastern,29.49,34.53,24.84,7530.0,107,13,0.5025000000000001,776.6,164.3
TA,Tanga,2012,Eastern,29.679999999999996,35.03,25.17,5861.7,88,15,1.2833333333333334,776.6,164.3
TA,Tanga,2013,Eastern,29.59,34.04,23.17,6798.2,99,18,0.835,776.6,164.3
TA,Tanga,2014,Eastern,29.459999999999997,34.9,24.66,10406.2,141,34,0.0,776.6,164.3
TA,Tanga,2015,Eastern,31.150000000000002,39.09,26.0,8514.0,120,22,0.12166666666666666,776.6,164.3
TA,Tanga,2016,Eastern,30.86,35.58,26.21,2433.4,36,2,3.1625,776.6,164.3
TA,Tanga,2017,Eastern,29.59,34.55,24.04,4624.9,77,8,1.9016666666666666,776.6,164.3
TA,Tanga,2018,Eastern,30.14,35.43,25.25,6340.0,78,6,1.055,776.6,164.3
TA,Tanga,2019,Eastern,31.289999999999996,36.25,26.41,8833.3,121,25,0.024999999999999998,776.6,164.3
TA,Tanga,2020,Eastern,30.459999999999997,35.12,25.78,8208.0,107,20,0.22583333333333333,776.6,164.3
TA,Tanga,2021,Eastern,30.61,35.96,24.85,5283.7,67,11,1.5608333333333333,776.6,164.3
TA,Tanga,2022,Eastern,30.650000000000002,35.8,24.19,10393.1,143,28,0.0,776.6,164.3
TA,Tanga,2023,Eastern,31.86,36.81,26.34,9279.3,134,28,0.0,776.6,164.3
TB,Tabora,2000,Western,25.87,30.14,19.53,9362.2,140,32,0.0,329.0,267.2
TB,Tabora,2001,Western,27.45,32.04,22.16,12099.7,152,33,0.0,329.0,267.2
TB,Tabora,2002,Western,28.62,32.42,23.76,11256.6,162,38,0.0,329.0,267.2
TB,Tabora,2003,Western,26.560000000000002,31.56,21.59,5438.2,68,5,1.0633333333333332,329.0,267.2
TB,Tabora,2004,Western,27.400000000000002,33.33,21.67,7597.8,114,18,0.18416666666666667,329.0,267.2
TB,Tabora,2005,Western,27.040000000000003,31.31,21.7,7212.1,96,13,0.3325,329.0,267.2
TB,Tabora,2006,Western,28.39,33.77,21.96,12550.0,172,43,0.0,329.0,267.2
TB,Tabora,2007,Western,28.76,33.39,23.44,11540.3,152,38,0.0,329.0,267.2
TB,Tabora,2008,Western,27.080000000000002,32.13,21.99,7901.3,111,20,0.09583333333333333,329.0,267.2
TB,Tabora,2009,Western,27.14,32.29,22.78,5008.3,57,10,1.2558333333333334,329.0,267.2
TB,Tabora,2010,Western,28.849999999999998,34.66,23.91,7581.6,109,15,0.18999999999999997,329.0,267.2
TB,Tabora,2011,Western,27.290000000000003,32.09,22.7,8155.9,113,28,0.045000000000000005,329.0,267.2
TB,Tabora,2012,Western,27.679999999999996,32.09,21.8,7495.1,109,25,0.2225,329.0,267.2
TB,Tabora,2013,Western,26.849999999999998,32.5,22.53,8599.8,120,21,0.0033333333333333335,329.0,267.2
TB,Tabora,2014,Western,28.12,33.75,24.24,9780.5,146,34,0.0,329.0,267.2
TB,Tabora,2015,Western,28.400000000000002,33.18,22.19,9136.8,138,21,0.0,329.0,267.2
TB,Tabora,2016,Western,28.099999999999998,33.12,22.39,3305.6,49,2,2.1083333333333334,329.0,267.2
TB,Tabora,2017,Western,27.099999999999998,32.89,22.91,8018.1,106,15,0.0725,329.0,267.2
TB,Tabora,2018,Western,27.819999999999997,32.78,22.35,6301.1,87,11,0.6858333333333334,329.0,267.2
TB,Tabora,2019,Western,28.310000000000002,34.68,23.42,10304.1,143,24,0.0,329.0,267.2
TB,Tabora,2020,Western,28.17,33.96,23.56,11134.3,145,26,0.0,329.0,267.2
TB,Tabora,2021,Western,28.179999999999996,32.8,21.59,4157.0,67,2,1.6816666666666666,329.0,267.2
TB,Tabora,2022,Western,27.75,32.83,22.43,10310.0,132,25,0.0,329.0,267.2
TB,Tabora,2023,Western,29.349999999999998,34.09,24.25,7939.9,99,12,0.08916666666666667,329.0,267.2
ZC,Zanzibar Central/South,2000,Zanzibar,26.679999999999996,31.54,21.65,9736.7,138,28,0.9041666666666667,1041.4,419.2
ZC,Zanzibar Central/South,2001,Zanzibar,27.05,31.63,21.61,12058.8,158,44,0.1825,1041.4,419.2
ZC,Zanzibar Central/South,2002,Zanzibar,27.8,32.89,21.49,15970.2,171,45,0.0,1041.4,419.2
ZC,Zanzibar Central/South,2003,Zanzibar,26.78,31.41,21.61,12811.5,177,43,0.015833333333333335,1041.4,419.2
ZC,Zanzibar Central/South,2004,Zanzibar,26.959999999999997,31.52,22.51,10030.7,129,36,0.81,1041.4,419.2
ZC,Zanzibar Central/South,2005,Zanzibar,26.080000000000002,30.68,20.55,7973.099999999999,109,22,1.5374999999999999,1041.4,419.2
ZC,Zanzibar Central/South,2006,Zanzibar,27.819999999999997,32.85,22.8,21185.9,212,67,0.0,1041.4,419.2
ZC,Zanzibar Central/South,2007,Zanzibar,28.569999999999997,33.31,23.87,13611.800000000001,180,52,0.0,1041.4,419.2
ZC,Zanzibar Central/South,2008,Zanzibar,25.790000000000003,33.01,19.68,6025.4,84,11,2.3075,1041.4,419.2
ZC,Zanzibar Central/South,2009,Zanzibar,26.290000000000003,30.98,21.39,10645.9,137,34,0.6058333333333333,1041.4,419.2
ZC,Zanzibar Central/South,2010,Zanzibar,27.069999999999997,31.79,21.1,13890.2,157,64,0.0,1041.4,419.2
ZC,Zanzibar Central/South,2011,Zanzibar,25.55,29.93,20.38,14373.300000000001,176,53,0.0,1041.4,419.2
ZC,Zanzibar Central/South,2012,Zanzibar,27.19,32.67,21.32,10004.9,132,33,0.8183333333333334,1041.4,419.2
ZC,Zanzibar Central/South,2013,Zanzibar,27.67,32.6,22.83,12572.4,169,51,0.059166666666666666,1041.4,419.2
ZC,Zanzibar Central/South,2014,Zanzibar,27.470000000000002,32.3,23.15,12219.0,159,38,0.14083333333333334,1041.4,419.2
ZC,Zanzibar Central/South,2015,Zanzibar,27.150000000000002,33.74,20.79,14447.0,183,46,0.0,1041.4,419.2
ZC,Zanzibar Central/South,2016,Zanzibar,27.290000000000003,32.05,22.91,7623.099999999999,100,22,1.6758333333333333,1041.4,419.2
ZC,Zanzibar Central/South,2017,Zanzibar,26.0,30.93,20.54,13800.6,170,46,0.0,1041.4,419.2
ZC,Zanzibar Central/South,2018,Zanzibar,26.98,32.67,21.22,8800.6,139,23,1.2141666666666666,1041.4,419.2
ZC,Zanzibar Central/South,2019,Zanzibar,28.05,32.45,22.77,11564.1,149,33,0.32,1041.4,419.2
ZC,Zanzibar Central/South,2020,Zanzibar,26.89,32.21,22.83,17228.9,202,54,0.0,1041.4,419.2
ZC,Zanzibar Central/South,2021,Zanzibar,27.7,32.32,22.29,9262.4,121,25,1.0625,1041.4,419.2
ZC,Zanzibar Central/South,2022,Zanzibar,27.01,32.15,20.88,11064.4,151,47,0.4691666666666667,1041.4,419.2
ZC,Zanzibar Central/South,2023,Zanzibar,27.819999999999997,32.14,22.39,9081.5,128,22,1.1208333333333333,1041.4,419.2
ZN,Zanzibar North,2000,Zanzibar,27.95,32.62,22.6,14343.5,183,45,0.006666666666666667,1680.1,41.8
ZN,Zanzibar North,2001,Zanzibar,27.01,32.61,21.11,13410.199999999999,182,47,0.08,1680.1,41.8
ZN,Zanzibar North,2002,Zanzibar,28.819999999999997,32.99,22.37,19676.9,193,64,0.0,1680.1,41.8
ZN,Zanzibar North,2003,Zanzibar,28.0,33.16,22.4,10625.3,138,38,0.68,1680.1,41.8
ZN,Zanzibar North,2004,Zanzibar,28.11,32.96,22.18,18110.1,205,62,0.0,1680.1,41.8
ZN,Zanzibar North,2005,Zanzibar,27.69,32.29,21.94,14433.7,183,64,0.0033333333333333335,1680.1,41.8
ZN,Zanzibar North,2006,Zanzibar,28.28,33.23,23.03,19184.6,213,72,0.0,1680.1,41.8
ZN,Zanzibar North,2007,Zanzibar,28.67,33.24,23.28,12846.5,170,33,0.16833333333333333,1680.1,41.8
ZN,Zanzibar North,2008,Zanzibar,26.88,31.41,21.68,12524.3,181,47,0.24166666666666667,1680.1,41.8
ZN,Zanzibar North,2009,Zanzibar,27.830000000000002,34.77,23.05,13409.0,163,47,0.08083333333333333,1680.1,41.8
ZN,Zanzibar North,2010,Zanzibar,27.86,32.66,22.66,16272.1,200,56,0.0,1680.1,41.8
ZN,Zanzibar North,2011,Zanzibar,26.959999999999997,32.74,20.76,16088.9,183,44,0.0,1680.1,41.8
ZN,Zanzibar North,2012,Zanzibar,27.09,32.4,21.33,12275.5,146,36,0.29833333333333334,1680.1,41.8
ZN,Zanzibar North,2013,Zanzibar,28.080000000000002,33.68,22.83,19199.2,205,72,0.0,1680.1,41.8
ZN,Zanzibar North,2014,Zanzibar,27.679999999999996,32.66,23.3,16604.1,207,62,0.0,1680.1,41.8
ZN,Zanzibar North,2015,Zanzibar,28.52,33.21,23.32,16936.5,206,55,0.0,1680.1,41.8
ZN,Zanzibar North,2016,Zanzibar,27.569999999999997,31.78,22.61,10371.6,155,26,0.7416666666666667,1680.1,41.8
ZN,Zanzibar North,2017,Zanzibar,27.3,32.04,21.64,14006.1,172,43,0.023333333333333334,1680.1,41.8
ZN,Zanzibar North,2018,Zanzibar,27.3,31.78,22.87,9734.2,133,31,0.9091666666666667,1680.1,41.8
ZN,Zanzibar North,2019,Zanzibar,28.069999999999997,33.11,23.13,13470.9,182,47,0.0725,1680.1,41.8
ZN,Zanzibar North,2020,Zanzibar,27.8,32.23,22.78,18029.2,204,68,0.0,1680.1,41.8
ZN,Zanzibar North,2021,Zanzibar,28.349999999999998,33.92,23.4,8963.2,134,19,1.1116666666666666,1680.1,41.8
ZN,Zanzibar North,2022,Zanzibar,27.819999999999997,33.51,22.63,13665.1,177,47,0.049999999999999996,1680.1,41.8
ZN,Zanzibar North,2023,Zanzibar,28.400000000000002,33.43,23.02,16545.3,196,69,0.0,1680.1,41.8
ZW,Zanzibar West,2000,Zanzibar,29.88,34.06,25.49,10804.1,154,34,0.58,290.0,238.9
ZW,Zanzibar West,2001,Zanzibar,31.060000000000002,35.92,25.81,11745.2,161,39,0.35083333333333333,290.0,238.9
ZW,Zanzibar West,2002,Zanzibar,32.54,37.45,27.49,19618.7,214,69,0.0,290.0,238.9
ZW,Zanzibar West,2003,Zanzibar,30.92,36.6,25.64,11404.9,157,37,0.43,290.0,238.9
ZW,Zanzibar West,2004,Zanzibar,31.540000000000003,36.56,27.04,13306.9,171,38,0.035833333333333335,290.0,238.9
ZW,Zanzibar West,2005,Zanzibar,30.01,34.99,24.08,15488.7,189,57,0.0,290.0,238.9
ZW,Zanzibar West,2006,Zanzibar,31.26,36.68,25.81,16743.899999999998,189,62,0.0,290.0,238.9
ZW,Zanzibar West,2007,Zanzibar,32.050000000000004,37.53,27.63,16443.7,193,48,0.0,290.0,238.9
ZW,Zanzibar West,2008,Zanzibar,31.69,36.87,27.13,15536.099999999999,196,58,0.0,290.0,238.9
ZW,Zanzibar West,2009,Zanzibar,31.3,35.84,26.48,8269.5,91,20,1.3025,290.0,238.9
ZW,Zanzibar West,2010,Zanzibar,31.49,35.68,26.06,14077.5,198,58,0.0,290.0,238.9
ZW,Zanzibar West,2011,Zanzibar,30.060000000000002,34.81,25.45,14635.2,187,59,0.0,290.0,238.9
ZW,Zanzibar West,2012,Zanzibar,31.849999999999998,36.73,27.76,15404.4,191,58,0.0,290.0,238.9
ZW,Zanzibar West,2013,Zanzibar,31.48,37.71,25.43,14168.5,184,46,0.0,290.0,238.9
ZW,Zanzibar West,2014,Zanzibar,31.2,36.06,26.62,20301.6,217,60,0.0,290.0,238.9
ZW,Zanzibar West,2015,Zanzibar,32.03,37.43,25.96,12405.9,174,51,0.1991666666666667,290.0,238.9
ZW,Zanzibar West,2016,Zanzibar,32.31,38.32,26.9,11551.5,146,38,0.395,290.0,238.9
ZW,Zanzibar West,2017,Zanzibar,30.99,35.96,25.09,11513.2,154,38,0.4041666666666666,290.0,238.9
ZW,Zanzibar West,2018,Zanzibar,31.060000000000002,37.13,26.13,14196.5,166,43,0.0,290.0,238.9
ZW,Zanzibar West,2019,Zanzibar,31.87,36.92,27.7,12387.4,171,47,0.2025,290.0,238.9
ZW,Zanzibar West,2020,Zanzibar,31.63,36.64,26.7,16280.5,198,52,0.0,290.0,238.9
ZW,Zanzibar West,2021,Zanzibar,31.03,35.96,24.29,5090.5,75,9,2.3216666666666668,290.0,238.9
ZW,Zanzibar West,2022,Zanzibar,32.300000000000004,37.11,26.6,15200.4,173,48,0.0,290.0,238.9
ZW,Zanzibar West,2023,Zanzibar,33.15,37.66,28.89,18129.6,188,54,0.0,290.0,238.9
